,Drug_ID,Target_ID,Y,ligand_pdb_code,co_crystal_PDB
0,NDAUXUAQIAJITI-LBPRGKRZSA-N,P07550,5.372685360399119,68H,7DHI
35,IPSYPUKKXMNCNQ-PFHKOEEOSA-N,P0DMS8,8.853871964321762,XS0,8X17
40,FSRSEANZUZHDHK-UHFFFAOYSA-N,Q9H3N8,7.549750891680639,VCF,8JXW
87,KPJZHOPZRAFDTN-ZRGWGRIASA-N,P41595,8.795880017344075,H8J,6DRZ
99,VVBFISAUNSXQGZ-UHFFFAOYSA-N,P25105,10.30102999566398,9ER,5ZKP
100,WAXQNWCZJDTGBU-UHFFFAOYSA-N,P25103,9.022276394711152,GAW,6HLP
126,LNEPOXFFQSENCJ-UHFFFAOYSA-N,P14416,8.853871964321762,GMJ,6LUQ
169,RYYVLZVUVIJVGH-UHFFFAOYSA-N,P29274,5.300075597257523,CFF,3RFM
171,OFCLARYYBGKCHN-UHFFFAOYSA-N,P48039,9.795880017344077,JEY,6ME3
172,OFCLARYYBGKCHN-UHFFFAOYSA-N,P49286,9.82390874094432,JEY,6ME6
180,UCTWMZQNUQWSLP-VIFPVBQESA-N,P07550,6.555955204081924,ALE,4LDO
181,UCTWMZQNUQWSLP-VIFPVBQESA-N,P08913,6.661543506395395,ALE,9CBL
182,UCTWMZQNUQWSLP-VIFPVBQESA-N,P35348,5.698970004336019,ALE,8THL
223,PJMPHNIQZUBGLI-UHFFFAOYSA-N,P35372,8.886056647693163,7V7,8EF5
237,QASFUMOKHFSJGL-LAFRSMQTSA-N,Q99835,7.896196279044043,CY8,4O9R
345,DDOQBQRIEWHWBT-VKHMYHEASA-N,O00222,7.214670164989233,E7P,6BT5
346,DDOQBQRIEWHWBT-VKHMYHEASA-N,Q14833,6.327902142064283,E7P,8WG9
354,BZQFBWGGLXLEPQ-REOHCLBHSA-N,Q14833,5.698970004336019,SEP,7E9H
359,SGEGOXDYSFKCPT-UHFFFAOYSA-N,P08908,9.602059991327964,YG7,8FYL
360,GJPICJJJRGTNOD-UHFFFAOYSA-N,P24530,6.928117992693875,K86,5XPR
364,HNPFPERDNWXAGS-NFVOFSAMSA-N,P43088,8.602059991327963,7WT,8IQ6
367,JYTNQNCOQXFQPK-MRXNPFEDSA-N,O43613,9.24033215531037,SUV,4ZJ8
368,JYTNQNCOQXFQPK-MRXNPFEDSA-N,O43614,9.397940008672036,SUV,4S0V
412,JRWROCIMSDXGOZ-UHFFFAOYSA-N,P51686,8.431798275933005,79K,5LWE
415,YJYPHIXNFHFHND-UHFFFAOYSA-N,P48039,9.958607314841776,AWY,6ME5
456,OIRDTQYFTABQOQ-KQYNXXCUSA-N,P30542,7.0,ADN,6D9H
458,OIRDTQYFTABQOQ-KQYNXXCUSA-N,P29274,6.782516055786093,ADN,2YDO
469,NEMHKCNXXRQYRF-UHFFFAOYSA-N,Q9H244,8.0,AZJ,4NTJ
486,BKUIZWILNWHFHD-UHFFFAOYSA-N,P41594,6.6020599913279625,YKU,8T6J
488,TVURRHSHRRELCG-CYBMUJFWSA-N,P21728,5.740406121114051,G3C,7CKW
508,YEEZWCHGZNKEEK-UHFFFAOYSA-N,Q9Y271,9.062983892535186,ZLK,6RZ5
519,QZAYGJVTTNCVMB-UHFFFAOYSA-N,P50406,7.1249387366083,SRO,7XTB
520,QZAYGJVTTNCVMB-UHFFFAOYSA-N,Q13639,6.5003129173815966,SRO,7XT8
524,QZAYGJVTTNCVMB-UHFFFAOYSA-N,P28221,8.4089353929735,SRO,7E32
528,QZAYGJVTTNCVMB-UHFFFAOYSA-N,P28223,6.809668301829708,SRO,7WC4
554,QZAYGJVTTNCVMB-UHFFFAOYSA-N,P08908,8.602059991327963,SRO,7E2Y
586,DKGZKTPJOSAWFA-UHFFFAOYSA-N,P14416,9.958607314841776,SIP,7DFP
632,ZLVXBBHTMQJRSX-VMGNSXQWSA-N,P41145,10.351639989019068,JDC,4DJH
680,KJPHTXTWFHVJIG-UHFFFAOYSA-N,O43613,6.045757490560675,7MA,6TOD
681,KJPHTXTWFHVJIG-UHFFFAOYSA-N,O43614,8.958607314841775,7MA,5WQC
692,ZFPZEYHRWGMJCV-ZHALLVOQSA-N,P41594,8.10790539730952,2U8,4OO9
694,MAKMQGKJURAJEN-RUZDIDTESA-N,P41146,9.619788758288394,0NN,4EA3
710,OZVBMTJYIDMWIL-AYFBDAFISA-N,P14416,7.94692155651658,08Y,6VMS
767,NFHRQQKPEBFUJK-HSZRJFAPSA-N,P32238,8.744727494896694,1OZ,7F8Y
772,XYLJNLCSTIOKRM-UHFFFAOYSA-N,P08913,7.2262135550188065,J59,7EJ8
794,GHBCIXGRCZIPNQ-MHZLTWQESA-N,P50052,7.400662867007511,VFD,7JNI
795,CTXLUMAOXBULOZ-BKVRKCTKSA-N,Q9Y5Y4,8.886056647693163,YSS,7M8W
810,YOILXOMTHPUMRG-TZMCWYRMSA-N,P35462,8.54515513999149,G6O,7CMV
812,VNYSSYRCGWBHLG-AMOLWHMGSA-N,Q15722,9.154901959985745,LTB,7VKT
816,CJHXBFSJXDUJHP-UHFFFAOYSA-N,Q8TDS4,6.52360317327467,FI7,7XK2
828,ODQWQRRAPPTVAG-BOPFTXTBSA-N,P35367,9.668572703479256,D7V,3RZE
947,FWJRVGZWNDOOFH-OAHLLOKOSA-N,P21453,7.113509274827518,ML5,3V2W
949,YIQPUIGJQJDJOS-UHFFFAOYSA-N,P61073,6.657577319177793,VH6,8U4P
950,DNTVJEMGHBIUMW-IBGZPJMESA-N,P47871,7.154901959985743,5MV,5EE7
957,FJDDSMSDZHURBJ-UHFFFAOYSA-N,P48039,10.167491087293763,ML2,6ME4
973,UNBRKDKAWYKMIV-QWQRMKEZSA-N,P41595,9.186752699102394,H8D,6DRY
1007,SZDVFUZKFPGYEK-WOJBJXKFSA-N,P21554,9.958607314841776,8D3,5XRA
1014,ATALOFNDEOCMKK-OITMNORJSA-N,P25103,10.045757490560677,GBQ,6HLO
1015,AKMNUCBQGHFICM-UHFFFAOYSA-N,O43613,7.638272163982407,NVK,6TQ7
1038,KXXKUWQMQUYUSE-UHFFFAOYSA-N,P21554,8.337242168318426,ZDG,5TGZ
1063,RAPZEAPATHNIPO-UHFFFAOYSA-N,P28223,9.304956341178706,8NU,6A93
1064,RAPZEAPATHNIPO-UHFFFAOYSA-N,P14416,8.481486060122112,8NU,6CM4
1116,NTYJJOPFIAHURM-UHFFFAOYSA-N,P25021,5.508638306165727,HSM,8POK
1118,NTYJJOPFIAHURM-UHFFFAOYSA-N,P35367,5.78807891569149,HSM,7DFL
1121,NTYJJOPFIAHURM-UHFFFAOYSA-N,Q9Y5N1,8.0,HSM,8YN5
1123,NTYJJOPFIAHURM-UHFFFAOYSA-N,Q9H3N8,7.910094888560602,HSM,7YFC
1127,PLVGDGRBPMVYPB-FDUHJNRSSA-N,P30559,9.187086643357144,NU2,6TPK
1154,MEDBIJOVZJEMBI-YOEHRIQHSA-N,P35372,8.958607314841775,8QY,8EFO
1166,VAYOSLLFUXYJDT-RDTXWAMCSA-N,P28223,8.494850021680094,7LD,6WGT
1183,VAYOSLLFUXYJDT-RDTXWAMCSA-N,P41595,8.050609993355087,7LD,5TVN
1186,VAYOSLLFUXYJDT-RDTXWAMCSA-N,P08908,8.958607314841775,7LD,8FYT
1190,PVNIIMVLHYAWGP-UHFFFAOYSA-N,Q8TDS4,7.086186147616283,NIO,8H2G
1209,SUQZCEUKWPKXEE-UHFFFAOYSA-N,O43614,8.602059991327963,NU8,6TPN
1211,QLYKJCMUNUWAGO-GAJHUEQPSA-N,P21554,9.522878745280336,7DY,5U09
1221,BKRGVLQUQGGVSM-KBXCAEBGSA-N,P28223,8.602059991327963,H8G,7WC7
1232,BKRGVLQUQGGVSM-KBXCAEBGSA-N,P41595,8.647817481888637,H8G,6DRX
1247,HQVHOQAKMCMIIM-HXUWFJFHSA-N,P34972,8.67778070526608,WI5,6PT0
1272,KEUJAGGJGBWRFC-UHFFFAOYSA-N,P29274,8.229147988357855,9Y2,5OLV
1321,BPZSYCZIITTYBL-YJYMSZOUSA-N,P07550,7.610833915635467,H98,7BZ2
1361,SORFNYWLKDSNNF-UHFFFAOYSA-N,P29274,8.10790539730952,T4G,3UZA
1376,NMVWLEUONAKGCD-SMWKGLLFSA-N,P47900,9.10790539730952,2ID,4XNW
1379,HVAUUPRFYPCOCA-AREMUKBSSA-N,P25105,9.82390874094432,PFS,8XYD
1380,CGDZXLJGHVKVIE-DNVCBOLYSA-N,Q16602,9.113509274827518,N7R,3N7R
1383,FJCRAYWNOXUYOO-UHFFFAOYSA-N,P08908,9.920818753952377,YGH,8FYE
1401,QWCRAEMEVRGPNT-UHFFFAOYSA-N,P08908,7.698970004336019,YLX,8FYX
1404,VIZBSVDBNLAVAW-UHFFFAOYSA-N,P34998,7.920818753952375,1Q5,4K5Y
1413,JTARFZSNUAGHRB-UHFFFAOYSA-N,O43613,7.657577319177793,NVN,6TQ9
1454,JADDQZYHOWSFJD-FLNNQWSLSA-N,P29274,7.708853238268114,NEC,2YDV
1458,JADDQZYHOWSFJD-FLNNQWSLSA-N,P29275,6.0851281824599495,NEC,7XY7
1462,XTTZERNUQAFMOF-QMMMGPOBSA-N,P28335,7.801342913045578,T4U,8DPF
1479,IQVRBWUUXZMOPW-PKNBQFBNSA-N,P29274,7.326058001365912,JQ9,8GNG
1483,UYDYJFWSPRQEAX-KRWDZBQOSA-N,P49682,9.397940008672036,43I,8HNN
1486,PHMGZAICAOYEAF-UHFFFAOYSA-N,P11229,6.5003129173815966,QJT,6ZFZ
1490,XNBRWUQWSKXMPW-UHFFFAOYSA-N,P29274,8.301029995663981,9XW,5OLO
1497,NNFUWNLENRUDHR-HKBQPEDESA-N,P30550,9.0,8B8,7W41
1505,LMBFVVBQYYWDKN-INIZCTEOSA-N,Q92847,11.0,8QX,6KO5
1508,FASDKYOPVNHBLU-ZETCQYMHSA-N,P35462,8.735182176990463,G6L,7CMU
1511,NPFDWHQSDBWQLH-QZTJIDSGSA-N,O43613,8.602059991327963,NT5,6TP6
1547,BZCALJIHZVNMGJ-HSZRJFAPSA-N,O14842,7.474955192963154,2YB,4PHU
1552,GHWJEDJMOVUXEC-CYBMUJFWSA-N,P21728,7.522878745280337,SK0,7JV5
1554,BPQMGSKTAYIVFO-UHFFFAOYSA-N,Q99835,7.790484985457369,VIS,5L7I
1573,VLZBRVJVCCNPRJ-KPHUOKFYSA-N,Q14831,6.00436480540245,Z99,3MQ4
1574,VLZBRVJVCCNPRJ-KPHUOKFYSA-N,Q14832,7.853871964321762,Z99,3SM9
1576,VLZBRVJVCCNPRJ-KPHUOKFYSA-N,P31422,8.522878745280337,Z99,8TR0
1578,VLZBRVJVCCNPRJ-KPHUOKFYSA-N,Q13255,5.167491087293763,Z99,3KS9
1579,VLZBRVJVCCNPRJ-KPHUOKFYSA-N,P41594,5.086186147616283,Z99,7FD9
1580,VLZBRVJVCCNPRJ-KPHUOKFYSA-N,Q14416,7.919012953089113,Z99,7MTQ
1599,CEUORZQYGODEFX-UHFFFAOYSA-N,P28223,8.060480747381382,9SC,7VOE
1622,CEUORZQYGODEFX-UHFFFAOYSA-N,P08908,8.22548303427145,9SC,7E2Z
1625,AHFLGPTXSIRAQK-UHFFFAOYSA-N,P47900,8.221848749616356,BUR,4XNV
1641,KFQYTPMOWPVWEJ-INIZCTEOSA-N,P14416,10.221848749616356,R5F,8IRS
1643,KFQYTPMOWPVWEJ-INIZCTEOSA-N,P21728,5.600153287287077,R5F,8IRR
1644,KFQYTPMOWPVWEJ-INIZCTEOSA-N,P21918,6.0,R5F,8IRV
1645,KFQYTPMOWPVWEJ-INIZCTEOSA-N,P35462,8.397940008672037,R5F,8IRT
1650,PWTBZOIUWZOPFT-UHFFFAOYSA-N,P29274,8.903089986991944,ZMA,3EML
1676,ZOTHAEBAWXWVID-HXEFRTELSA-N,P29274,8.397940008672037,UKA,3QAK
1707,WIYUZYBFCWCCQJ-IFKAHUTRSA-N,P41143,9.69897000433602,EJ4,4N6H
1709,WIYUZYBFCWCCQJ-IFKAHUTRSA-N,P32300,9.744727494896694,EJ4,4EJ4
1712,YSOWRGMLMZQSBX-AVUIYAGVSA-N,Q14832,6.806875401645539,52Q,5CNM
1713,YSOWRGMLMZQSBX-AVUIYAGVSA-N,Q14416,6.841637507904751,52Q,5CNJ
1715,PAJMKGZZBBTTOY-ZFORQUDYSA-N,P43119,7.489454989793388,Y9J,8X7A
1725,MWDVCHRYCKXEBY-LBPRGKRZSA-N,Q6DWJ6,7.619788758288394,7ZQ,7VUG
1726,HJUAKZYKCANOOZ-OAHLLOKOSA-N,P41145,9.322393047279506,U9I,8DZR
1744,WOHRHWDYFNWPNG-UHFFFAOYSA-N,P43116,7.301029995663981,GM9,7CX4
1745,CGIGDMFJXJATDK-UHFFFAOYSA-N,Q9Y5Y4,5.3952341152961125,IMN,8XXV
1815,QZUDBNBUXVUHMW-UHFFFAOYSA-N,Q9H3N8,6.700057099977233,VBU,8JXV
1834,MUGXRYIUWFITCP-PGRDOPGGSA-N,O43613,8.232844133917819,NRK,6TOT
1835,MUGXRYIUWFITCP-PGRDOPGGSA-N,O43614,8.76447155309245,NRK,7XRR
1839,XGZZHZMWIXFATA-UEZBDDGYSA-N,P41145,9.638272163982409,IVB,7YIT
1848,GDLNHSUSOZEAOR-UHFFFAOYSA-N,P25105,9.221486988261075,9EU,5ZKQ
1854,LRFKWQGGENFBFO-IBGZPJMESA-N,P21453,8.67778070526608,J89,7EO2
1856,LRFKWQGGENFBFO-IBGZPJMESA-N,Q99500,8.229147988357855,J89,7EW2
1858,KFVUSZPWUZBAPF-AGQYDFLVSA-N,P41145,8.903089986991944,U99,8DZP
1902,YLXDSYKOBKBWJQ-LBPRGKRZSA-N,P48039,10.869666231504992,JEV,6ME2
1903,YLXDSYKOBKBWJQ-LBPRGKRZSA-N,P49286,10.139661993429009,JEV,6ME9
1927,JUQLTPCYUFPYKE-UHFFFAOYSA-N,P28335,8.769551078621726,E2J,6BQH
1948,PEHSVUKQDJULKE-UHFFFAOYSA-N,Q9Y5N1,8.795880017344075,ITF,8YN6
1949,PEHSVUKQDJULKE-UHFFFAOYSA-N,Q9H3N8,8.211124884224583,ITF,7YFD
1955,OHRDCQFCAWLDBP-SBUREZEXSA-N,P41146,9.596879478824182,DGW,5DHH
1971,FQAXDSVNYVVQSE-UHFFFAOYSA-N,P41594,9.300162274132754,51E,5CGD
1972,DMNOVGJWPASQDL-OAQYLSRUSA-N,P35372,8.221848749616356,WH2,8EFB
1987,HDOZVRUNCMBHFH-UHFFFAOYSA-N,P28223,8.593459819566045,ZOT,6A94
2081,HLCHESOMJVGDSJ-LOYHVIPDSA-N,P32245,7.989276134608227,1I8,7F58
2088,CTEGQKDJTBWFHW-UHFFFAOYSA-N,P08173,6.403952992454561,IUE,7TRP
2089,CANCTKXGRVNXFP-OAHLLOKOSA-N,Q9Y5Y4,8.978810700930062,FT4,6D27
2092,DTQNEFOKTXXQKV-HKUYNNGSSA-N,P25103,9.400116927926312,GBK,6HLL
2094,OGHNVEJMJSYVRP-KRWDZBQOSA-N,P07550,10.468521082957745,CVD,6PS3
2115,VYFYYTLLBUKUHU-UHFFFAOYSA-N,P14416,6.407823242604133,LDP,8TZQ
2117,VYFYYTLLBUKUHU-UHFFFAOYSA-N,P21728,5.897566294318664,LDP,7CKZ
2133,UMUPQWIGCOZEOY-JOCHJYFZSA-N,Q92847,7.991399828238083,1KD,7NA8
2140,ZFXYFBGIUFBOJW-UHFFFAOYSA-N,P29274,5.173925197299174,TEP,5MZJ
2153,CFMRIVODIXTERW-BDTNDASRSA-N,P34972,7.643974142806877,KO3,8GUS
2167,JOLJIIDDOBNFHW-UHFFFAOYSA-N,P08173,7.52432881167557,XNO,8FX5
2180,UPDNOLJVPHHECL-UHFFFAOYSA-N,P41594,9.300162274132754,51D,5CGC
2185,PAOANWZGLPPROA-RQXXJAGISA-N,P29274,7.567030709125595,NGI,4UG2
2218,BLJRIMJGRPQVNF-JTQLQIEISA-N,P07550,9.6978856230438,TIM,3D4S
2229,LQANGKSBLPMBTJ-BRSNVKEHSA-N,P21731,7.731656086048935,PUC,8XJO
2233,MIQNXKWDQRNHAU-UHFFFAOYSA-N,Q14833,7.4089353929735005,BQI,8JD5
2249,HQSBCDPYXDGTCL-UHFFFAOYSA-N,P29274,8.886056647693163,9XT,5OLH
2252,HYOGJHCDLQSAHX-UHFFFAOYSA-N,Q14416,6.7447274948966935,HZR,7E9G
2280,FIQGIOAELHTLHM-UHFFFAOYSA-N,P29274,7.795880017344075,XAC,3REY
2295,UCAIEVHKDLMIFL-UHFFFAOYSA-N,Q9H3N8,8.045757490560675,VCL,8JXX
2338,WYWIFABBXFUGLM-UHFFFAOYSA-N,P08913,8.732828271596986,J5C,7EJK
2339,WYWIFABBXFUGLM-UHFFFAOYSA-N,P35348,7.552841968657781,J5C,7YM8
2399,QVJVMNUTCGTBCH-ZDUSSCGKSA-N,P07550,8.045757490560675,JSZ,3NY9
2451,OJQMKCBWYCWFPU-UHFFFAOYSA-N,P43119,7.698970004336019,Y9Q,8X79
2459,WQTKNBPCJKRYPA-OAQYLSRUSA-N,P49682,7.004803708402821,FI6,8K2W
2464,AADCDMQTJNYOSS-LBPRGKRZSA-N,P35462,9.872895201635192,ETQ,3PBL
2474,ZHUZHTHIEMXLRA-UHFFFAOYSA-N,P29274,8.853871964321762,T4E,3UZC
2480,AQHHHDLHHXJYJD-AWEZNQCLSA-N,P07550,9.406713932979542,SNP,6PS5
2507,FVMKJEVPLWCLMC-UHFFFAOYSA-N,P29274,8.5016894462104,QGE,6ZDR
2519,WLMZTKAZJUWXCB-KQYNXXCUSA-N,Q9H244,9.199970640755868,6AD,4PXZ
2534,PXGPLTODNUVGFL-YNNPMVKQSA-N,P43088,6.924453038607469,UGU,8IUK
2543,XCGSFFUVFURLIX-VFGNJEKYSA-N,P28222,8.522878745280337,ERM,4IAR
2546,XCGSFFUVFURLIX-VFGNJEKYSA-N,P28335,8.008773924307505,ERM,6BQG
2567,XCGSFFUVFURLIX-VFGNJEKYSA-N,P41595,8.522878745280337,ERM,4IB4
2601,ZSTKHSQDNIGFLM-UHFFFAOYSA-N,P08908,7.552841968657781,YFW,8FY8
2610,XEYBRNLFEZDVAW-ARSRFYASSA-N,P35408,9.102372908709558,P2E,7D7M
2616,XEYBRNLFEZDVAW-ARSRFYASSA-N,P43116,8.309803919971486,P2E,7CX2
2617,XEYBRNLFEZDVAW-ARSRFYASSA-N,P43115,9.481486060122112,P2E,6AK3
2628,BDKXRZBYASMPGB-GMAHTHKFSA-N,P49682,7.199970640755866,4IE,8HNM
2632,XEDHVZKDSYZQBF-UHFFFAOYSA-N,P30939,8.698970004336019,05X,7EXD
2636,VTAARTQTOOYTES-RGDLXGNYSA-N,Q14832,7.0301183562535,40F,4XAR
2639,VTAARTQTOOYTES-RGDLXGNYSA-N,Q14416,7.128135297911805,40F,4XAQ
2651,WKZLNEWVIAGNAW-UHFFFAOYSA-N,P47898,7.698970004336019,8K3,7UM5
2655,WKZLNEWVIAGNAW-UHFFFAOYSA-N,P34969,9.100179497572904,8K3,7XTC
2674,ZBGXUVOIWDMMJE-QHNZEKIYSA-N,P25116,8.09151498112135,VPX,3VW7
2676,MUJWBVGOOQHTTJ-UHFFFAOYSA-N,P29274,7.552841968657781,RVZ,7ARO
2679,ITIXDWVDFFXNEG-JHOUSYSJSA-N,Q16602,11.0,3N6,3N7R
2683,OIPILFWXSMYKGL-UHFFFAOYSA-N,P08173,5.157671645048515,ACH,7TRS
2687,OIPILFWXSMYKGL-UHFFFAOYSA-N,P08172,6.468521082957745,ACH,7T8X
2691,HEAUOKZIVMZVQL-VWLOTQADSA-N,P30968,9.045757490560677,F5O,7BR3
2705,UWHDLFOAIARROU-XMMPIXPASA-N,P41146,9.140261433802854,DGV,5DHG
2709,HYBZWVLPALMACV-KRWDZBQOSA-N,O43613,8.958607314841775,4OT,4ZJC
2759,MATPZHBYOVDBLI-JJYYJPOSSA-N,P31422,6.801342913045577,2CG,2E4V
2777,HUJXGQILHAUCCV-MOROJQBDSA-N,P0DMS8,8.853871964321762,Q8L,8X16
